{
  "saved_saved_collections": [
    {
      "title": "\u00e3\u0082\u00b3\u00e3\u0083\u00ac\u00e3\u0082\u00af\u00e3\u0082\u00b7\u00e3\u0083\u00a7\u00e3\u0083\u00b3",
      "string_map_data": {
        "Name": {
          "value": "\u00e6\u0096\u0099\u00e9\u0087\u0091"
        },
        "Creation Time": {
          "timestamp": 1764681450
        },
        "Update Time": {
          "timestamp": 1764681451
        }
      }
    },
    {
      "string_map_data": {
        "Name": {
          "href": "https://www.instagram.com/reel/DRrO1IgiVPc/",
          "value": "bokuga_iidanna"
        },
        "Added Time": {
          "timestamp": 1764681461
        }
      }
    },
    {
      "string_map_data": {
        "Name": {
          "href": "https://www.instagram.com/reel/DNNeirJTDPM/",
          "value": "dareuma_recipe"
        },
        "Added Time": {
          "timestamp": 1764681449
        }
      }
    },
    {
      "string_map_data": {
        "Name": {
          "href": "https://www.instagram.com/reel/DRea38lj6Cw/",
          "value": "_kii0410_"
        },
        "Added Time": {
          "timestamp": 1764681449
        }
      }
    },
    {
      "string_map_data": {
        "Name": {
          "href": "https://www.instagram.com/reel/DREq8slD6Y7/",
          "value": "_kii0410_"
        },
        "Added Time": {
          "timestamp": 1764681449
        }
      }
    }
  ]
}