{
  "saved_saved_media": [
    {
      "title": "bokuga_iidanna",
      "string_map_data": {
        "Saved on": {
          "href": "https://www.instagram.com/reel/DRrO1IgiVPc/",
          "timestamp": 1764681460
        }
      }
    },
    {
      "title": "_kii0410_",
      "string_map_data": {
        "Saved on": {
          "href": "https://www.instagram.com/reel/DRea38lj6Cw/",
          "timestamp": 1764681401
        }
      }
    },
    {
      "title": "hibiki_sami",
      "string_map_data": {
        "Saved on": {
          "href": "https://www.instagram.com/reel/DRMjWwAke-t/",
          "timestamp": 1763923963
        }
      }
    },
    {
      "title": "_kii0410_",
      "string_map_data": {
        "Saved on": {
          "href": "https://www.instagram.com/reel/DREq8slD6Y7/",
          "timestamp": 1763923959
        }
      }
    },
    {
      "title": "yazy_fishing",
      "string_map_data": {
        "Saved on": {
          "href": "https://www.instagram.com/reel/DRWwClhEXMR/",
          "timestamp": 1763923938
        }
      }
    },
    {
      "title": "dareuma_recipe",
      "string_map_data": {
        "Saved on": {
          "href": "https://www.instagram.com/reel/DNNeirJTDPM/",
          "timestamp": 1762281747
        }
      }
    },
    {
      "title": "gearshop01",
      "string_map_data": {
        "Saved on": {
          "href": "https://www.instagram.com/reel/DQeHpotj4KN/",
          "timestamp": 1762281671
        }
      }
    }
  ]
}